Tid [h:m:s],Värde
21:35:52,0
21:35:52,0
21:35:52,0
21:35:52,0
21:35:52,0
21:35:52,0
21:35:52,0
21:35:52,0
21:35:52,0
21:35:52,0
21:35:52,0
21:35:52,0
21:35:52,0
21:35:52,0
21:35:52,0
21:35:52,0
21:35:52,0
21:35:52,0
21:35:52,0
21:35:52,0
21:35:52,0
21:35:52,0
21:35:52,0
21:35:52,0
21:35:52,0
21:35:52,0
21:35:52,0
21:35:52,0
21:35:52,0
21:35:52,0
21:35:52,0
21:35:52,0
21:35:52,0
21:35:52,0
21:35:52,0
21:35:52,0
21:35:52,0
21:35:53,0
21:35:53,0
21:35:53,0
21:35:53,0
21:35:53,0
21:35:53,0
21:35:53,0
21:35:53,0
21:35:53,0
21:35:53,0
21:35:53,0
21:35:53,0
21:35:53,0
21:35:54,0
21:35:54,12
21:35:55,0
21:39:21,0
21:39:21,13
21:39:22,0
21:39:22,13
21:39:23,14
21:39:23,14
21:39:24,12
21:39:24,0
21:39:25,0
21:39:26,16
21:39:26,19
21:39:27,16
21:39:27,16
21:39:28,13
21:39:28,11
21:39:29,11
21:39:29,11
21:39:30,13
21:39:31,11
21:39:31,11
21:39:32,10
21:39:32,10
21:39:33,11
21:39:33,13
21:39:34,11
21:39:34,11
21:39:35,12
21:39:35,17
21:39:36,13
21:39:37,12
21:39:37,12
21:39:38,12
21:39:38,11
21:39:39,0
21:39:39,0
21:39:40,12
21:39:41,11
21:39:41,10
21:39:42,10
21:39:42,12
21:39:43,13
21:39:43,13
21:39:44,0
21:39:45,0
21:39:45,15
21:39:46,13
21:39:47,0
21:39:47,11
21:39:48,12
21:39:48,0
21:39:49,21
21:39:50,14
21:39:50,13
21:39:51,11
21:39:51,11
21:39:52,11
21:39:53,12
21:39:53,12
21:39:54,13
21:39:54,14
21:39:55,13
21:39:55,12
21:39:56,13
21:39:56,13
21:39:57,12
21:39:58,12
21:39:58,11
21:39:59,13
21:39:59,15
21:40:00,12
21:40:01,12
21:40:01,11
21:40:02,13
21:40:02,13
21:40:03,11
21:40:04,0
21:40:04,0
21:40:05,11
21:40:05,11
21:40:06,12
21:40:06,12
21:40:07,0
21:40:08,13
21:40:08,10
21:40:09,11
21:40:09,12
21:40:10,11
21:40:10,9
21:40:11,22
21:40:11,0
21:40:12,15
21:40:13,12
21:40:13,12
21:40:14,0
21:40:14,17
21:40:15,0
21:40:15,0
21:40:16,9
21:40:17,9
21:40:17,0
21:40:18,0
21:40:18,0
21:40:19,10
21:40:20,12
21:40:20,0
21:40:21,0
21:40:21,0
21:40:22,0
21:40:22,7
21:40:23,12
21:40:23,12
21:40:24,0
21:40:24,0
21:40:25,14
21:40:26,16
21:40:26,0
21:40:27,0
21:40:27,0
21:40:28,0
21:40:28,11
21:40:29,11
21:40:29,11
21:40:30,10
21:40:31,0
21:40:31,0
21:40:32,0
21:40:33,0
21:40:33,0
21:40:34,0
21:40:34,15
21:40:35,0
21:40:35,0
21:40:36,21
21:40:36,0
21:40:37,29
21:40:37,0
21:40:38,0
21:40:38,10
21:40:39,10
21:40:40,10
21:40:40,10
21:40:41,14
21:40:41,12
21:40:42,11
21:40:42,0
21:40:43,25
21:40:44,0
21:40:44,16
21:40:45,13
21:40:45,12
21:40:46,10
21:40:46,11
21:40:47,11
21:40:47,13
21:40:48,14
21:40:49,0
21:40:49,0
21:40:50,8
21:40:50,0
21:40:51,0
21:40:51,22
21:40:52,20
21:40:52,28
21:40:53,22
21:40:53,0
21:40:54,0
21:40:55,0
21:40:55,6
21:40:56,10
21:40:56,11
21:40:57,11
21:40:57,11
21:40:58,0
21:40:58,0
21:40:59,0
21:40:59,0
21:45:53,0
21:45:53,0
21:45:53,0
21:45:53,0
21:45:53,0
21:45:53,0
21:45:53,0
21:45:54,0
21:45:54,0
21:45:54,0
21:45:54,0
21:45:54,0
21:45:54,0
21:45:54,0
21:45:54,0
21:45:54,0
21:45:54,0
21:45:54,0
21:45:54,0
21:45:54,0
21:45:54,0
21:45:54,0
21:45:54,0
21:45:54,0
21:45:54,0
21:45:54,0
21:45:54,0
21:45:54,0
21:45:54,0
21:45:54,0
21:45:54,0
21:45:54,0
21:45:54,0
21:45:54,0
21:45:54,0
21:45:54,0
21:45:54,0
21:45:54,0
21:45:54,0
21:45:54,0
21:45:54,0
21:45:54,0
21:45:54,0
21:45:54,0
21:45:54,0
21:45:55,0
21:45:55,0
21:45:55,0
21:45:55,0
21:45:55,0
21:45:55,0
21:45:55,0
21:45:55,0
21:45:55,0
21:45:55,0
21:45:55,0
21:45:55,0
21:45:55,0
21:45:55,0
21:45:55,0
21:45:55,0
21:45:55,0
21:45:55,0
21:45:55,0
21:45:55,0
21:45:55,0
21:45:55,0
21:45:55,0
21:45:55,0
21:45:55,0
21:45:56,0
21:45:56,0
21:45:56,0
21:45:56,0
21:45:56,0
21:45:56,0
21:45:56,0
21:45:56,0
21:45:56,0
21:45:56,0
21:45:56,0
21:45:56,0
21:45:56,0
21:45:56,0
21:45:56,0
21:45:56,0
21:45:56,0
21:45:56,0
21:45:56,0
21:45:56,0
21:45:56,0
21:45:56,0
21:45:56,0
21:45:56,0
21:45:56,0
21:45:56,0
21:45:56,0
21:45:56,0
21:45:56,0
21:45:56,0
21:45:56,0
21:45:56,0
21:45:57,0
21:45:57,0
21:45:57,0
21:45:57,0
21:45:57,0
21:45:57,0
21:45:57,0
21:45:57,0
21:45:57,0
21:45:57,0
21:45:57,0
21:45:57,0
21:45:57,0
21:45:57,0
21:45:57,0
21:45:57,0
21:45:57,0
21:45:58,0
21:45:58,0
21:45:58,0
21:45:58,0
21:45:58,0
21:45:58,0
21:45:58,0
21:45:58,0
21:45:58,0
21:45:58,0
21:45:58,0
21:45:58,0
21:45:58,0
21:45:58,0
21:45:58,0
21:45:58,0
21:45:58,0
21:45:58,0
21:45:58,0
21:45:58,0
21:45:58,0
21:45:58,0
21:45:58,0
21:45:58,0
21:45:58,0
21:45:58,0
21:45:58,0
21:45:58,0
21:45:58,0
21:45:58,0
21:45:59,0
21:45:59,0
21:45:59,0
21:45:59,0
21:45:59,0
21:45:59,0
21:45:59,0
21:45:59,0
21:45:59,0
21:45:59,0
21:45:59,0
21:45:59,0
21:45:59,0
21:45:59,0
21:45:59,0
21:45:59,0
21:45:59,0
21:45:59,0
21:45:59,0
21:45:59,0
21:45:59,0
21:45:59,0
21:45:59,0
21:45:59,0
21:45:59,0
21:45:59,0
21:45:59,0
21:45:59,0
21:45:59,0
21:46:00,0
21:46:00,0
21:46:00,0
21:46:00,0
21:46:00,0
21:46:00,0
21:46:00,0
21:46:00,0
21:46:00,0
21:46:00,0
21:46:00,0
21:46:00,0
21:46:00,0
21:46:00,0
21:46:00,0
21:46:00,0
21:46:00,0
21:46:00,0
21:46:00,0
21:46:00,0
21:46:00,0
21:46:00,0
21:46:00,0
21:46:00,0
21:46:00,0
21:46:00,0
21:46:00,0
21:46:00,0
21:46:00,0
21:46:00,0
21:46:00,0
21:46:00,0
21:46:00,0
21:46:00,0
21:46:00,0
21:46:00,0
21:46:00,0
21:46:00,0
21:46:00,0
21:46:00,0
21:46:00,0
21:46:01,0
21:46:01,0
21:46:01,0
21:46:01,0
21:46:01,0
21:46:01,0
21:46:01,0
21:46:01,0
21:46:01,0
21:46:01,0
21:46:01,0
21:46:01,0
21:46:01,0
21:46:01,0
21:46:01,0
21:46:01,0
21:46:01,0
21:46:01,0
21:46:01,0
21:46:01,0
21:46:01,0
21:46:01,0
21:46:01,0
21:46:01,0
21:46:01,0
21:46:01,0
21:46:01,0
21:46:01,0
21:46:01,0
21:46:01,0
21:46:01,0
21:46:01,0
21:46:01,0
21:46:01,0
21:46:01,0
21:46:01,0
21:46:02,0
21:46:02,0
21:46:02,0
21:46:02,0
21:46:02,0
21:46:02,0
21:46:02,0
21:46:02,0
21:46:02,0
21:46:02,0
21:46:02,0
21:46:02,0
21:46:02,0
21:46:02,0
21:46:02,0
21:46:02,0
21:46:02,0
21:46:02,0
21:46:02,0
21:46:02,0
21:46:02,0
21:46:02,0
21:46:02,0
21:46:02,0
21:46:02,0
21:46:02,0
21:46:02,0
21:46:02,0
21:46:02,0
21:46:02,0
21:46:02,0
21:46:02,0
21:46:02,0
21:46:02,0
21:46:02,0
21:46:02,0
21:46:02,0
21:46:02,0
21:46:03,0
21:46:03,0
21:46:03,0
21:46:03,0
21:46:03,0
21:46:03,0
21:46:03,0
21:46:03,0
21:46:03,0
21:46:03,0
21:46:03,0
21:46:03,0
21:46:03,0
21:46:03,0
21:46:03,0
21:46:03,0
21:46:03,0
21:46:03,0
21:46:03,0
21:46:03,0
21:46:03,0
21:46:03,0
21:46:03,0
21:46:03,0
21:46:03,0
21:46:03,0
21:46:03,0
21:46:03,0
21:46:03,0
21:46:03,0
21:46:03,0
21:46:03,0
21:46:04,0
21:46:04,0
21:46:04,0
21:46:04,0
21:46:04,0
21:46:04,0
21:46:04,0
21:46:04,0
21:46:04,0
21:46:04,0
21:46:04,0
21:46:04,0
21:46:04,0
21:46:04,0
21:46:04,0
21:46:04,0
21:46:04,0
21:46:04,0
21:46:04,0
21:46:04,0
21:46:04,0
21:46:04,0
21:46:04,0
21:46:04,0
21:46:04,0
21:46:04,0
21:46:04,0
21:46:04,0
21:46:04,0
21:46:04,0
21:46:05,0
21:46:05,0
21:46:05,0
21:46:05,0
21:46:05,0
21:46:05,0
21:46:05,0
21:46:05,0
21:46:05,0
21:46:05,0
21:46:05,0
21:46:05,0
21:46:05,0
21:46:05,0
21:46:05,0
21:46:05,0
21:46:05,0
21:46:05,0
21:46:05,0
21:46:05,0
21:46:05,0
21:46:05,0
21:46:05,0
21:46:05,0
21:46:05,0
21:46:05,0
21:46:05,0
21:46:05,0
21:46:05,0
21:46:05,0
21:46:05,0
21:46:06,0
21:46:06,0
21:46:06,0
21:46:06,0
21:46:06,0
21:46:06,0
21:46:06,0
21:46:06,0
21:46:06,0
21:46:06,0
21:46:06,0
21:46:06,0
21:46:06,0
21:46:06,0
21:46:06,0
21:46:06,0
21:46:06,0
21:46:06,0
21:46:06,0
21:46:06,0
21:46:06,0
21:46:06,0
21:46:06,0
21:46:06,0
21:46:06,0
21:46:06,0
21:46:06,0
21:46:06,0
21:46:06,0
21:46:06,0
21:46:06,0
21:46:06,0
21:46:06,0
21:46:06,0
21:46:06,0
21:46:06,0
21:46:06,0
21:46:06,0
21:46:06,0
21:46:07,0
21:46:07,0
21:46:07,0
21:46:07,0
21:46:07,0
21:46:07,0
21:46:07,0
21:46:07,0
21:46:07,0
21:46:07,0
21:46:07,0
21:46:07,0
21:46:07,0
21:46:07,0
21:46:07,0
21:46:07,0
21:46:07,0
21:46:07,0
21:46:07,0
21:46:07,0
21:46:07,0
21:46:07,0
21:46:07,0
21:46:07,0
21:46:07,0
21:46:07,0
21:46:07,0
21:46:07,0
21:46:07,0
21:46:07,0
21:46:08,0
21:46:08,0
21:46:08,0
21:46:08,0
21:46:08,0
21:46:08,0
21:46:08,0
21:46:08,0
21:46:08,0
21:46:08,0
21:46:08,0
21:46:08,0
21:46:08,0
21:46:08,0
21:46:08,0
21:46:08,0
21:46:08,0
21:46:08,0
21:46:08,0
21:46:08,0
21:46:08,0
21:46:08,0
21:46:08,0
21:46:08,0
21:46:08,0
21:46:08,0
21:46:08,0
21:46:08,0
21:46:08,0
21:46:08,0
21:46:08,0
21:46:08,0
21:46:08,0
21:46:08,0
21:46:08,0
21:46:08,0
21:46:08,0
21:46:08,0
21:46:08,0
21:46:09,0
21:46:09,0
21:46:09,0
21:46:09,0
21:46:09,0
21:46:09,0
21:46:09,0
21:46:09,0
21:46:09,0
21:46:09,0
21:46:09,0
21:46:09,0
21:46:09,0
21:46:09,0
21:46:09,0
21:46:09,0
21:46:09,0
21:46:09,0
21:46:09,0
21:46:09,0
21:46:09,0
21:46:09,0
21:46:09,0
21:46:09,0
21:46:09,0
21:46:09,0
21:46:09,0
21:46:09,0
21:46:09,0
21:46:09,0
21:46:09,0
21:46:09,0
21:46:09,0
21:46:09,0
21:46:09,0
21:46:09,0
21:46:09,0
21:46:10,0
21:46:10,0
21:46:10,0
21:46:10,0
21:46:10,0
21:46:10,0
21:46:10,0
21:46:10,0
21:46:10,0
21:46:10,0
21:46:10,0
21:46:10,0
21:46:10,0
21:46:10,0
21:46:10,0
21:46:10,0
21:46:10,0
21:46:10,0
21:46:10,0
21:46:10,0
21:46:10,0
21:46:10,0
21:46:10,0
21:46:10,0
21:46:10,0
21:46:10,0
21:46:10,0
21:46:10,0
21:46:10,0
21:46:10,0
21:46:10,0
21:46:10,0
21:46:10,0
21:46:10,0
21:46:10,0
21:46:10,0
21:46:10,0
21:46:10,0
21:46:10,0
21:46:10,0
21:46:11,0
21:46:11,0
21:46:11,0
21:46:11,0
21:46:11,0
21:46:11,0
21:46:11,0
21:46:11,0
21:46:11,0
21:46:11,0
21:46:11,0
21:46:11,0
21:46:11,0
21:46:11,0
21:46:11,0
21:46:11,0
21:46:11,0
21:46:11,0
21:46:11,0
21:46:11,0
21:46:11,0
21:46:11,0
21:46:11,0
21:46:11,0
21:46:11,0
21:46:11,0
21:46:11,0
21:46:11,0
21:46:11,0
21:46:11,0
21:46:11,0
21:46:11,0
21:46:11,0
21:46:11,0
21:46:11,0
21:46:11,0
21:46:12,0
21:46:12,0
21:46:12,0
21:46:12,0
21:46:12,0
21:46:12,0
21:46:12,0
21:46:12,0
21:46:12,0
21:46:12,0
21:46:12,0
21:46:12,0
21:46:12,0
21:46:12,0
21:46:12,0
21:46:12,0
21:46:12,0
21:46:12,0
21:46:12,0
21:46:12,0
21:46:12,0
21:46:12,0
21:46:12,0
21:46:12,0
21:46:12,0
21:46:12,0
21:46:12,0
21:46:12,0
21:46:12,0
21:46:12,0
21:46:12,0
21:46:12,0
21:46:12,0
21:46:12,0
21:46:12,0
21:46:12,0
21:46:12,0
21:46:13,0
21:46:13,0
21:46:13,0
21:46:13,0
21:46:13,0
21:46:13,0
21:46:13,0
21:46:13,0
21:46:13,0
21:46:13,0
21:46:13,0
21:46:13,0
21:46:13,0
21:46:13,0
21:46:13,0
21:46:13,0
21:46:13,0
21:46:13,0
21:46:13,0
21:46:13,0
21:46:13,0
21:46:13,0
21:46:13,0
21:46:13,0
21:46:13,0
21:46:13,0
21:46:13,0
21:46:13,0
21:46:13,0
21:46:13,0
21:46:13,0
21:46:13,0
21:46:13,0
21:46:13,0
21:46:14,0
21:46:14,0
21:46:14,0
21:46:14,0
21:46:14,0
21:46:14,0
21:46:14,0
21:46:14,0
21:46:14,0
21:46:14,0
21:46:14,0
21:46:14,0
21:46:14,0
21:46:14,0
21:46:14,0
21:46:14,0
21:46:14,0
21:46:14,0
21:46:14,0
21:46:14,0
21:46:14,0
21:46:14,0
21:46:14,0
21:46:14,0
21:46:14,0
21:46:14,0
21:46:14,0
21:46:14,0
21:46:14,0
21:46:14,0
21:46:14,0
21:46:14,0
21:46:14,0
21:46:14,0
21:46:14,0
21:46:14,0
21:46:15,0
21:46:15,0
21:46:15,0
21:46:15,0
21:46:15,0
21:46:15,0
21:46:15,0
21:46:15,0
21:46:15,0
21:46:15,0
21:46:15,0
21:46:15,0
21:46:15,0
21:46:15,0
21:46:15,0
21:46:15,0
21:46:15,0
21:46:15,0
21:46:15,0
21:46:15,0
21:46:15,0
21:46:15,0
21:46:15,0
21:46:15,0
21:46:15,0
21:46:15,0
21:46:15,0
21:46:15,0
21:46:15,0
21:46:15,0
21:46:15,0
21:46:15,0
21:46:15,0
21:46:15,0
21:46:16,0
21:46:16,0
21:46:16,0
21:46:16,0
21:46:16,0
21:46:16,0
21:46:16,0
21:46:16,0
21:46:16,0
21:46:16,0
21:46:16,0
21:46:16,0
21:46:16,0
21:46:16,0
21:46:16,0
21:46:16,0
21:46:16,0
21:46:16,0
21:46:16,0
21:46:16,0
21:46:16,0
21:46:16,0
21:46:16,0
21:46:16,0
21:46:16,0
21:46:16,0
21:46:16,0
21:46:16,0
21:46:16,0
21:46:16,0
21:46:16,0
21:46:17,0
21:46:17,0
21:46:17,0
21:46:17,0
21:46:17,0
21:46:17,0
21:46:17,0
21:46:17,0
21:46:17,0
21:46:17,0
21:46:17,0
21:46:17,0
21:46:17,0
21:46:17,0
21:46:17,0
21:46:17,0
21:46:17,0
21:46:17,0
21:46:17,0
21:46:17,0
21:46:17,0
21:46:17,0
21:46:17,0
21:46:17,0
21:46:17,0
21:46:17,0
21:46:17,0
21:46:17,0
21:46:17,0
21:46:17,0
21:46:17,0
21:46:17,0
21:46:17,0
21:46:17,0
21:46:17,0
21:46:17,0
21:46:17,0
21:46:18,0
21:46:18,0
21:46:18,0
21:46:18,0
21:46:18,0
21:46:18,0
21:46:18,0
21:46:18,0
21:46:18,0
21:46:18,0
21:46:18,0
21:46:18,0
21:46:18,0
21:46:18,0
21:46:18,0
21:46:18,0
21:46:18,0
21:46:18,0
21:46:18,0
21:46:18,0
21:46:18,0
21:46:18,0
21:46:18,0
21:46:18,0
21:46:18,0
21:46:18,0
21:46:18,0
21:46:18,0
21:46:18,0
21:46:18,0
21:46:18,0
21:46:18,0
21:46:18,0
21:46:18,0
21:46:18,0
21:46:19,0
21:46:19,0
21:46:19,0
21:46:19,0
21:46:19,0
21:46:19,0
21:46:19,0
21:46:19,0
21:46:19,0
21:46:19,0
21:46:19,0
21:46:19,0
21:46:19,0
21:46:19,0
21:46:19,0
21:46:19,0
21:46:19,0
21:46:19,0
21:46:19,0
21:46:19,0
21:46:19,0
21:46:19,0
21:46:19,0
21:46:19,0
21:46:19,0
21:46:19,0
21:46:19,0
21:46:19,0
21:46:19,0
21:46:19,0
21:46:19,0
21:46:19,0
21:46:19,0
21:46:19,0
21:46:19,0
21:46:19,0
21:46:19,0
21:46:20,0
21:46:20,0
21:46:20,0
21:46:20,0
21:46:20,0
21:46:20,0
21:46:20,0
21:46:20,0
21:46:20,0
21:46:20,0
21:46:20,0
21:46:20,0
21:46:20,0
21:46:20,0
21:46:20,0
21:46:20,0
21:46:20,0
21:46:20,0
21:46:20,0
21:46:20,0
21:46:20,0
21:46:20,0
21:46:20,0
21:46:20,0
21:46:20,0
21:46:20,0
21:46:20,0
21:46:20,0
21:46:20,0
21:46:20,0
21:46:20,0
21:46:20,0
21:46:20,0
21:46:20,0
21:46:20,0
21:46:20,0
21:46:20,0
21:46:20,0
21:46:20,0
21:46:20,0
21:46:21,0
21:46:21,0
21:46:21,0
21:46:21,0
21:46:21,0
21:46:21,0
21:46:21,0
21:46:21,0
21:46:21,0
21:46:21,0
21:46:21,0
21:46:21,0
21:46:21,0
21:46:21,0
21:46:21,0
21:46:21,0
21:46:21,0
21:46:21,0
21:46:21,0
21:46:21,0
21:46:21,0
21:46:21,0
21:46:21,0
21:46:21,0
21:46:21,0
21:46:21,0
21:46:21,0
21:46:21,0
21:46:21,0
21:46:21,0
21:46:21,0
21:46:21,0
21:46:21,0
21:46:21,0
21:46:22,0
21:46:22,0
21:46:22,0
21:46:22,0
21:46:22,0
21:46:22,0
21:46:22,0
21:46:22,0
21:46:22,0
21:46:22,0
21:46:22,0
21:46:22,0
21:46:22,0
21:46:22,0
21:46:22,0
21:46:22,0
21:46:22,0
21:46:22,0
21:46:22,0
21:46:22,0
21:46:22,0
21:46:22,0
21:46:22,0
21:46:22,0
21:46:22,0
21:46:22,0
21:46:22,0
21:46:22,0
21:46:22,0
21:46:22,0
21:46:22,0
21:46:22,0
21:46:22,0
21:46:22,0
21:46:22,0
21:46:22,0
21:46:22,0
21:46:23,0
21:46:23,0
21:46:23,0
21:46:23,0
21:46:23,0
21:46:23,0
21:46:23,0
21:46:23,0
21:46:23,0
21:46:23,0
21:46:23,0
21:46:23,0
21:46:23,0
21:46:23,0
21:46:23,0
21:46:23,0
21:46:23,0
21:46:23,0
21:46:23,0
21:46:23,0
21:46:23,0
21:46:23,0
21:46:23,0
21:46:23,0
21:46:23,0
21:46:23,0
21:46:23,0
21:46:23,0
21:46:23,0
21:46:23,0
21:46:23,0
21:46:23,0
21:46:23,0
21:46:23,0
21:46:23,0
21:46:23,0
21:46:23,0
21:46:23,0
21:46:24,0
21:46:24,0
21:46:24,0
21:46:24,0
21:46:24,0
21:46:24,0
21:46:24,0
21:46:24,0
21:46:24,0
21:46:24,0
21:46:24,0
21:46:24,0
21:46:24,0
21:46:24,0
21:46:24,0
21:46:24,0
21:46:24,0
21:46:24,0
21:46:24,0
21:46:24,0
21:46:24,0
21:46:24,0
21:46:24,0
21:46:24,0
21:46:24,0
21:46:24,0
21:46:24,0
21:46:24,0
21:46:24,0
21:46:24,0
21:46:24,0
21:46:24,0
21:46:24,0
21:46:24,0
21:46:24,0
21:46:24,0
21:46:24,0
21:46:24,0
21:46:24,0
21:46:25,0
21:46:25,0
21:46:25,0
21:46:25,0
21:46:25,0
21:46:25,0
21:46:25,0
21:46:25,0
21:46:25,0
21:46:25,0
21:46:25,0
21:46:25,0
21:46:25,0
21:46:25,0
21:46:25,0
21:46:25,0
21:46:25,0
21:46:25,0
21:46:25,0
21:46:25,0
21:46:25,0
21:46:25,0
21:46:25,0
21:46:25,0
21:46:25,0
21:46:25,0
21:46:25,0
21:46:25,0
21:46:25,0
21:46:26,0
21:46:26,0
21:46:26,0
21:46:26,0
21:46:26,0
21:46:26,0
21:46:26,0
21:46:26,0
21:46:26,0
21:46:26,0
21:46:26,0
21:46:26,0
21:46:26,0
21:46:26,0
21:46:26,0
21:46:26,0
21:46:26,0
21:46:26,0
21:46:26,0
21:46:26,0
21:46:26,0
21:46:26,0
21:46:26,0
21:46:26,0
21:46:26,0
21:46:26,0
21:46:26,0
21:46:26,0
21:46:26,0
21:46:26,0
21:46:26,0
21:46:26,0
21:46:26,0
21:46:26,0
21:46:26,0
21:46:26,0
21:46:27,0
21:46:27,0
21:46:27,0
21:46:27,0
21:46:27,0
21:46:27,0
21:46:27,0
21:46:27,0
21:46:27,0
21:46:27,0
21:46:27,0
21:46:27,0
21:46:27,0
21:46:27,0
21:46:27,0
21:46:27,0
21:46:27,0
21:46:27,0
21:46:27,0
21:46:27,0
21:46:27,0
21:46:27,0
21:46:27,0
21:46:27,0
21:46:27,0
21:46:27,0
21:46:27,0
21:46:27,0
21:46:27,0
21:46:27,0
21:46:27,0
21:46:27,0
21:46:27,0
21:46:27,0
21:46:27,0
21:46:27,0
21:46:27,0
21:46:27,0
21:46:27,0
21:46:27,0
21:46:27,0
21:46:27,0
21:46:27,0
21:46:27,0
21:46:28,0
21:46:28,0
21:46:28,0
21:46:28,0
21:46:28,0
21:46:28,0
21:46:28,0
21:46:28,0
21:46:28,0
21:46:28,0
21:46:28,0
21:46:28,0
21:46:28,0
21:46:28,0
21:46:28,0
21:46:28,0
21:46:28,0
21:46:28,0
21:46:28,0
21:46:28,0
21:46:28,0
21:46:28,0
21:46:28,0
21:46:28,0
21:46:28,0
21:46:28,0
21:46:28,0
21:46:28,0
21:46:28,0
21:46:28,0
21:46:28,0
21:46:28,0
21:46:28,0
21:46:28,0
21:46:28,0
21:46:29,0
21:46:29,0
21:46:29,0
21:46:29,0
21:46:29,0
21:46:29,0
21:46:29,0
21:46:29,0
21:46:29,0
21:46:29,0
21:46:29,0
21:46:29,0
21:46:29,0
21:46:29,0
21:46:29,0
21:46:29,0
21:46:29,0
21:46:29,0
21:46:29,0
21:46:29,0
21:46:29,0
21:46:29,0
21:46:29,0
21:46:29,0
21:46:29,0
21:46:29,0
21:46:29,0
21:46:29,0
21:46:29,0
21:46:29,0
21:46:29,0
21:46:29,0
21:46:29,0
21:46:30,0
21:46:30,0
21:46:30,0
21:46:30,0
21:46:30,0
21:46:30,0
21:46:30,0
21:46:30,0
21:46:30,0
21:46:30,0
21:46:30,0
21:46:30,0
21:46:30,0
21:46:30,0
21:46:30,0
21:46:30,0
21:46:30,0
21:46:30,0
21:46:30,0
21:46:30,0
21:46:30,0
21:46:30,0
21:46:30,0
21:46:30,0
21:46:30,0
21:46:30,0
21:46:30,0
21:46:30,0
21:46:30,0
21:46:30,0
21:46:30,0
21:46:30,0
21:46:30,0
21:46:30,0
21:46:30,0
21:46:30,0
21:46:30,0
21:46:30,0
21:46:30,0
21:46:30,0
21:46:31,0
21:46:31,0
21:46:31,0
21:46:31,0
21:46:31,0
21:46:31,0
21:46:31,0
21:46:31,0
21:46:31,0
21:46:31,0
21:46:31,0
21:46:31,0
21:46:31,0
21:46:31,0
21:46:31,0
21:46:31,0
21:46:31,0
21:46:31,0
21:46:31,0
21:46:31,0
21:46:31,0
21:46:31,0
21:46:31,0
21:46:31,0
21:46:31,0
21:46:31,0
21:46:31,0
21:46:31,0
21:46:31,0
21:46:31,0
21:46:31,0
21:46:31,0
21:46:31,0
21:46:31,0
21:46:31,0
21:46:31,0
21:46:31,0
21:46:31,0
21:46:31,0
21:46:31,0
21:46:31,0
21:46:32,0
21:46:32,0
21:46:32,0
21:46:32,0
21:46:32,0
21:46:32,0
21:46:32,0
21:46:32,0
21:46:32,0
21:46:32,0
21:46:32,0
21:46:32,0
21:46:32,0
21:46:32,0
21:46:32,0
21:46:32,0
21:46:32,0
21:46:32,0
21:46:32,0
21:46:32,0
21:46:32,0
21:46:32,0
21:46:32,0
21:46:32,0
21:46:32,0
21:46:32,0
21:46:32,0
21:46:32,0
21:46:32,0
21:46:32,0
21:46:32,0
21:46:32,0
21:46:32,0
21:46:32,0
21:46:32,0
21:46:32,0
21:46:32,0
21:46:32,0
21:46:32,0
21:46:32,0
21:46:33,0
21:46:33,0
21:46:33,0
21:46:33,0
21:46:33,0
21:46:33,0
21:46:33,0
21:46:33,0
21:46:33,0
21:46:33,0
21:46:33,0
21:46:33,0
21:46:33,0
21:46:33,0
21:46:33,0
21:46:33,0
21:46:33,0
21:46:33,0
21:46:33,0
21:46:33,0
21:46:33,0
21:46:33,0
21:46:33,0
21:46:33,0
21:46:33,0
21:46:33,0
21:46:33,0
21:46:33,0
21:46:33,0
21:46:33,0
21:46:33,0
21:46:33,0
21:46:33,0
21:46:33,0
21:46:33,0
21:46:33,0
21:46:33,0
21:46:33,0
21:46:33,0
21:46:33,0
21:46:33,0
21:46:34,0
21:46:34,0
21:46:34,0
21:46:34,0
21:46:34,0
21:46:34,0
21:46:34,0
21:46:34,0
21:46:34,0
21:46:34,0
21:46:34,0
21:46:34,0
21:46:34,0
21:46:34,0
21:46:34,0
21:46:34,0
21:46:34,0
21:46:34,0
21:46:34,0
21:46:34,0
21:46:34,0
21:46:34,0
21:46:34,0
21:46:34,0
21:46:34,0
21:46:34,0
21:46:34,0
21:46:34,0
21:46:34,0
21:46:34,0
21:46:34,0
21:46:34,0
21:46:34,0
21:46:34,0
21:46:34,0
21:46:34,0
21:46:35,0
21:46:35,0
21:46:35,0
21:46:35,0
21:46:35,0
21:46:35,0
21:46:35,0
21:46:35,0
21:46:35,0
21:46:35,0
21:46:35,0
21:46:35,0
21:46:35,0
21:46:35,0
21:46:35,0
21:46:35,0
21:46:35,0
21:46:35,0
21:46:35,0
21:46:35,0
21:46:35,0
21:46:35,0
21:46:35,0
21:46:35,0
21:46:35,0
21:46:35,0
21:46:35,0
21:46:35,0
21:46:35,0
21:46:35,0
21:46:35,0
21:46:35,0
21:46:35,0
21:46:35,0
21:46:35,0
21:46:35,0
21:46:35,0
21:46:35,0
21:46:35,0
21:46:35,0
21:46:35,0
21:46:36,0
21:46:36,0
21:46:36,0
21:46:36,0
21:46:36,0
21:46:36,0
21:46:36,0
21:46:36,0
21:46:36,0
21:46:36,0
21:46:36,0
21:46:36,0
21:46:36,0
21:46:36,0
21:46:36,0
21:46:36,0
21:46:36,0
21:46:36,0
21:46:36,0
21:46:36,0
21:46:36,0
21:46:36,0
21:46:36,0
21:46:36,0
21:46:36,0
21:46:36,0
21:46:36,0
21:46:36,0
21:46:36,0
21:46:36,0
21:46:36,0
21:46:36,0
21:46:36,0
21:46:36,0
21:46:36,0
21:46:36,0
21:46:37,0
21:46:37,0
21:46:37,0
21:46:37,0
21:46:37,0
21:46:37,0
21:46:37,0
21:46:37,0
21:46:37,0
21:46:37,0
21:46:37,0
21:46:37,0
21:46:37,0
21:46:37,0
21:46:37,0
21:46:37,0
21:46:37,0
21:46:37,0
21:46:37,0
21:46:37,0
21:46:37,0
21:46:37,0
21:46:37,0
21:46:37,0
21:46:37,0
21:46:37,0
21:46:37,0
21:46:37,0
21:46:37,0
21:46:37,0
21:46:37,0
21:46:37,0
21:46:37,0
21:46:37,0
21:46:37,0
21:46:37,0
21:46:37,0
21:46:37,0
21:46:37,0
21:46:37,0
21:46:37,0
21:46:37,0
21:46:38,0
21:46:38,0
21:46:38,0
21:46:38,0
21:46:38,0
21:46:38,0
21:46:38,0
21:46:38,0
21:46:38,0
21:46:38,0
21:46:38,0
21:46:38,0
21:46:38,0
21:46:38,0
21:46:38,0
21:46:38,0
21:46:38,0
21:46:38,0
21:46:38,0
21:46:38,0
21:46:38,0
21:46:38,0
21:46:38,0
21:46:38,0
21:46:38,0
21:46:38,0
21:46:38,0
21:46:38,0
21:46:38,0
21:46:38,0
21:46:38,0
21:46:38,0
21:46:38,0
21:46:38,0
21:46:38,0
21:46:38,0
21:46:38,0
21:46:38,0
21:46:38,0
21:46:38,0
21:46:39,0
21:46:39,0
21:46:39,0
21:46:39,0
21:46:39,0
21:46:39,0
21:46:39,0
21:46:39,0
21:46:39,0
21:46:39,0
21:46:39,0
21:46:39,0
21:46:39,0
21:46:39,0
21:46:39,0
21:46:39,0
21:46:39,0
21:46:39,0
21:46:39,0
21:46:39,0
21:46:39,0
21:46:39,0
21:46:39,0
21:46:39,0
21:46:39,0
21:46:39,0
21:46:39,0
21:46:39,0
21:46:39,0
21:46:39,0
21:46:39,0
21:46:39,0
21:46:39,0
21:46:39,0
21:46:39,0
21:46:39,0
21:46:39,0
21:46:39,0
21:46:40,0
21:46:40,0
21:46:40,0
21:46:40,0
21:46:40,0
21:46:40,0
21:46:40,0
21:46:40,0
21:46:40,0
21:46:40,0
21:46:40,0
21:46:40,0
21:46:40,0
21:46:40,0
21:46:40,0
21:46:40,0
21:46:40,0
21:46:40,0
21:46:40,0
21:46:40,0
21:46:40,0
21:46:40,0
21:46:40,0
21:46:40,0
21:46:40,0
21:46:40,0
21:46:40,0
21:46:40,0
21:46:40,0
21:46:40,0
21:46:40,0
21:46:40,0
21:46:40,0
21:46:40,0
21:46:40,0
21:46:40,0
21:46:40,0
21:46:40,0
21:46:40,0
21:46:40,0
21:46:41,0
21:46:41,0
21:46:41,0
21:46:41,0
21:46:41,0
21:46:41,0
21:46:41,0
21:46:41,0
21:46:41,0
21:46:41,0
21:46:41,0
21:46:41,0
21:46:41,0
21:46:41,0
21:46:41,0
21:46:41,0
21:46:41,0
21:46:41,0
21:46:41,0
21:46:41,0
21:46:41,0
21:46:41,0
21:46:41,0
21:46:41,0
21:46:41,0
21:46:41,0
21:46:41,0
21:46:41,0
21:46:41,0
21:46:41,0
21:46:41,0
21:46:41,0
21:46:41,0
21:46:41,0
21:46:41,0
21:46:41,0
21:46:42,0
21:46:42,0
21:46:42,0
21:46:42,0
21:46:42,0
21:46:42,0
21:46:42,0
21:46:42,0
21:46:42,0
21:46:42,0
21:46:42,0
21:46:42,0
21:46:42,0
21:46:42,0
21:46:42,0
21:46:42,0
21:46:42,0
21:46:42,0
21:46:42,0
21:46:42,0
21:46:42,0
21:46:42,0
21:46:42,0
21:46:42,0
21:46:42,0
21:46:42,0
21:46:42,0
21:46:42,0
21:46:42,0
21:46:42,0
21:46:42,0
21:46:42,0
21:46:42,0
21:46:42,0
21:46:42,0
21:46:42,0
21:46:43,0
21:46:43,0
21:46:43,0
21:46:43,0
21:46:43,0
21:46:43,0
21:46:43,0
21:46:43,0
21:46:43,0
21:46:43,0
21:46:43,0
21:46:43,0
21:46:43,0
21:46:43,0
21:46:43,0
21:46:43,0
21:46:43,0
21:46:43,0
21:46:43,0
21:46:43,0
21:46:43,0
21:46:43,0
21:46:43,0
21:46:43,0
21:46:43,0
21:46:43,0
21:46:43,0
21:46:43,0
21:46:43,0
21:46:43,0
21:46:43,0
21:46:43,0
21:46:43,0
21:46:43,0
21:46:44,0
21:46:44,0
21:46:44,0
21:46:44,0
21:46:44,0
21:46:44,0
21:46:44,0
21:46:44,0
21:46:44,0
21:46:44,0
21:46:44,0
21:46:44,0
21:46:44,0
21:46:44,0
21:46:44,0
21:46:44,0
21:46:44,0
21:46:44,0
21:46:44,0
21:46:44,0
21:46:44,0
21:46:44,0
21:46:44,0
21:46:44,0
21:46:44,0
21:46:44,0
21:46:44,0
21:46:44,0
21:46:44,0
21:46:44,0
21:46:44,0
21:46:44,0
21:46:44,0
21:46:44,0
21:46:44,0
21:46:45,0
21:46:45,0
21:46:45,0
21:46:45,0
21:46:45,0
21:46:45,0
21:46:45,0
21:46:45,0
21:46:45,0
21:46:45,0
21:46:45,0
21:46:45,0
21:46:45,0
21:46:45,0
21:46:45,0
21:46:45,0
21:46:45,0
21:46:45,0
21:46:45,0
21:46:45,0
21:46:45,0
21:46:45,0
21:46:45,0
21:46:45,0
21:46:45,0
21:46:45,0
21:46:45,0
21:46:45,0
21:46:45,0
21:46:45,0
21:46:45,0
21:46:45,0
21:46:45,0
21:46:45,0
21:46:45,0
21:46:45,0
21:46:45,0
21:46:45,0
21:46:46,0
21:46:46,0
21:46:46,0
21:46:46,0
21:46:46,0
21:46:46,0
21:46:46,0
21:46:46,0
21:46:46,0
21:46:46,0
21:46:46,0
21:46:46,0
21:46:46,0
21:46:46,0
21:46:46,0
21:46:46,0
21:46:46,0
21:46:46,0
21:46:46,0
21:46:46,0
21:46:46,0
21:46:46,0
21:46:46,0
21:46:46,0
21:46:46,0
21:46:46,0
21:46:46,0
21:46:46,0
21:46:46,0
21:46:46,0
21:46:46,0
21:46:46,0
21:46:47,0
21:46:47,0
21:46:47,0
21:46:47,0
21:46:47,0
21:46:47,0
21:46:47,0
21:46:47,0
21:46:47,0
21:46:47,0
21:46:47,0
21:46:47,0
21:46:47,0
21:46:47,0
21:46:47,0
21:46:47,0
21:46:47,0
21:46:47,0
21:46:47,0
21:46:47,0
21:46:47,0
21:46:47,0
21:46:47,0
21:46:47,0
21:46:47,0
21:46:47,0
21:46:47,0
21:46:47,0
21:46:47,0
21:46:47,0
21:46:47,0
21:46:47,0
21:46:48,0
21:46:48,0
21:46:48,0
21:46:48,0
21:46:48,0
21:46:48,0
21:46:48,0
21:46:48,0
21:46:48,0
21:46:48,0
21:46:48,0
21:46:48,0
21:46:48,0
21:46:48,0
21:46:48,0
21:46:48,0
21:46:48,0
21:46:48,0
21:46:48,0
21:46:48,0
21:46:48,0
21:46:48,0
21:46:48,0
21:46:48,0
21:46:48,0
21:46:48,0
21:46:48,0
21:46:48,0
21:46:48,0
21:46:48,0
21:46:48,0
21:46:48,0
21:46:48,0
21:46:48,0
21:46:48,0
21:46:49,0
21:46:49,0
21:46:49,0
21:46:49,0
21:46:49,0
21:46:49,0
21:46:49,0
21:46:49,0
21:46:49,0
21:46:49,0
21:46:49,0
21:46:49,0
21:46:49,0
21:46:49,0
21:46:49,0
21:46:49,0
21:46:49,0
21:46:49,0
21:46:49,0
21:46:49,0
21:46:49,0
21:46:49,0
21:46:49,0
21:46:49,0
21:46:49,0
21:46:49,0
21:46:49,0
21:46:49,0
21:46:49,0
21:46:49,0
21:46:49,0
21:46:49,0
21:46:49,0
21:46:50,0
21:46:50,0
21:46:50,0
21:46:50,0
21:46:50,0
21:46:50,0
21:46:50,0
21:46:50,0
21:46:50,0
21:46:50,0
21:46:50,0
21:46:50,0
21:46:50,0
21:46:50,0
21:46:50,0
21:46:50,0
21:46:50,0
21:46:50,0
21:46:50,0
21:46:50,0
21:46:50,0
21:46:50,0
21:46:50,0
21:46:50,0
21:46:50,0
21:46:50,0
21:46:50,0
21:46:50,0
21:46:50,0
21:46:50,0
21:46:50,0
21:46:50,0
21:46:50,0
21:46:50,0
21:46:50,0
21:46:50,0
21:46:50,0
21:46:50,0
21:46:51,0
21:46:51,0
21:46:51,0
21:46:51,0
21:46:51,0
21:46:51,0
21:46:51,0
21:46:51,0
21:46:51,0
21:46:51,0
21:46:51,0
21:46:51,0
21:46:51,0
21:46:51,0
21:46:51,0
21:46:51,0
21:46:51,0
21:46:51,0
21:46:51,0
21:46:51,0
21:46:51,0
21:46:51,0
21:46:51,0
21:46:51,0
21:46:51,0
21:46:51,0
21:46:51,0
21:46:51,0
21:46:51,0
21:46:51,0
21:46:51,0
21:46:51,0
21:46:52,0
21:46:52,0
21:46:52,0
21:46:52,0
21:46:52,0
21:46:52,0
21:46:52,0
21:46:52,0
21:46:52,0
21:46:52,0
21:46:52,0
21:46:52,0
21:46:52,0
21:46:52,0
21:46:52,0
21:46:52,0
21:46:52,0
21:46:52,0
21:46:52,0
21:46:52,0
21:46:52,0
21:46:52,0
21:46:52,0
21:46:52,0
21:46:52,0
21:46:52,0
21:46:52,0
21:46:52,0
21:46:52,0
21:46:52,0
21:46:52,0
21:46:52,0
21:46:52,0
21:46:52,0
21:46:52,0
21:46:52,0
21:46:52,0
21:46:52,0
21:46:52,0
21:46:52,0
21:46:52,0
21:46:53,0
21:46:53,0
21:46:53,0
21:46:53,0
21:46:53,0
21:46:53,0
21:46:53,0
21:46:53,0
21:46:53,0
21:46:53,0
21:46:53,0
21:46:53,0
21:46:53,0
21:46:53,0
21:46:53,0
21:46:53,0
21:46:53,0
21:46:53,0
21:46:53,0
21:46:53,0
21:46:53,0
21:46:53,0
21:46:53,0
21:46:53,0
21:46:53,0
21:46:53,0
21:46:53,0
21:46:53,0
21:46:53,0
21:46:53,0
21:46:53,0
21:46:53,0
21:46:53,0
21:46:53,0
21:46:53,0
21:46:53,0
21:46:53,0
21:46:54,0
21:46:54,0
21:46:54,0
21:46:54,0
21:46:54,0
21:46:54,0
21:46:54,0
21:46:54,0
21:46:54,0
21:46:54,0
21:46:54,0
21:46:54,0
21:46:54,0
21:46:54,0
21:46:54,0
21:46:54,0
21:46:54,0
21:46:54,0
21:46:54,0
21:46:54,0
21:46:54,0
21:46:54,0
21:46:54,0
21:46:54,0
21:46:54,0
21:46:54,0
21:46:54,0
21:46:54,0
21:46:54,0
21:46:54,0
21:46:54,0
21:46:54,0
21:46:54,0
21:46:54,0
21:46:54,0
21:46:55,0
21:46:55,0
21:46:55,0
21:46:55,0
21:46:55,0
21:46:55,0
21:46:55,0
21:46:55,0
21:46:55,0
21:46:55,0
21:46:55,0
21:46:55,0
21:46:55,0
21:46:55,0
21:46:55,0
21:46:55,0
21:46:55,0
21:46:55,0
21:46:55,0
21:46:55,0
21:46:55,0
21:46:55,0
21:46:55,0
21:46:55,0
21:46:55,0
21:46:55,0
21:46:55,0
21:46:55,0
21:46:55,0
21:46:55,0
21:46:55,0
21:46:55,0
21:46:55,0
21:46:55,0
21:46:55,0
21:46:55,0
21:46:55,0
21:46:55,0
21:46:55,0
21:46:55,0
21:46:55,0
21:46:55,0
21:46:56,0
21:46:56,0
21:46:56,0
21:46:56,0
21:46:56,0
21:46:56,0
21:46:56,0
21:46:56,0
21:46:56,0
21:46:56,0
21:46:56,0
21:46:56,0
21:46:56,0
21:46:56,0
21:46:56,0
21:46:56,0
21:46:56,0
21:46:56,0
21:46:56,0
21:46:56,0
21:46:56,0
21:46:56,0
21:46:56,0
21:46:56,0
21:46:56,0
21:46:56,0
21:46:56,0
21:46:56,0
21:46:56,0
21:46:56,0
21:46:56,0
21:46:56,0
21:46:56,0
21:46:56,0
21:46:56,0
21:46:57,0
21:46:57,0
21:46:57,0
21:46:57,0
21:46:57,0
21:46:57,0
21:46:57,0
21:46:57,0
21:46:57,0
21:46:57,0
21:46:57,0
21:46:57,0
21:46:57,0
21:46:57,0
21:46:57,0
21:46:57,0
21:46:57,0
21:46:57,0
21:46:57,0
21:46:57,0
21:46:57,0
21:46:57,0
21:46:57,0
21:46:57,0
21:46:57,0
21:46:57,0
21:46:57,0
21:46:57,0
21:46:57,0
21:46:57,0
21:46:57,0
21:46:57,0
21:46:57,0
21:46:57,0
21:46:57,0
21:46:57,0
21:46:57,0
21:46:57,0
21:46:57,0
21:46:57,0
21:46:57,0
21:46:58,0
21:46:58,0
21:46:58,0
21:46:58,0
21:46:58,0
21:46:58,0
21:46:58,0
21:46:58,0
21:46:58,0
21:46:58,0
21:46:58,0
21:46:58,0
21:46:58,0
21:46:58,0
21:46:58,0
21:46:58,0
21:46:58,0
21:46:58,0
21:46:58,0
21:46:58,0
21:46:58,0
21:46:58,0
21:46:58,0
21:46:58,0
21:46:58,0
21:46:58,0
21:46:58,0
21:46:58,0
21:46:58,0
21:46:58,0
21:46:58,0
21:46:58,0
21:46:58,0
21:46:59,0
21:46:59,0
21:46:59,0
21:46:59,0
21:46:59,0
21:46:59,0
21:46:59,0
21:46:59,0
21:46:59,0
21:46:59,0
21:46:59,0
21:46:59,0
21:46:59,0
21:46:59,0
21:46:59,0
21:46:59,0
21:46:59,0
21:46:59,0
21:46:59,0
21:46:59,0
21:46:59,0
21:46:59,0
21:46:59,0
21:46:59,0
21:46:59,0
21:46:59,0
21:46:59,0
21:46:59,0
21:46:59,0
21:46:59,0
21:46:59,0
21:46:59,0
21:46:59,0
21:46:59,0
21:46:59,0
21:46:59,0
21:46:59,0
21:46:59,0
21:47:00,0
21:47:00,0
21:47:00,0
21:47:00,0
21:47:00,0
21:47:00,0
21:47:00,0
21:47:00,0
21:47:00,0
21:47:00,0
21:47:00,0
21:47:00,0
21:47:00,0
21:47:00,0
21:47:00,0
21:47:00,0
21:47:00,0
21:47:00,0
21:47:00,0
21:47:00,0
21:47:00,0
21:47:00,0
21:47:00,0
21:47:00,0
21:47:00,0
21:47:00,0
21:47:00,0
21:47:00,0
21:47:00,0
21:47:00,0
21:47:00,0
21:47:00,0
21:47:00,0
21:47:00,0
21:47:00,0
21:47:00,0
21:47:00,0
21:47:00,0
21:47:00,0
21:47:00,0
21:47:00,0
21:47:00,0
21:47:00,0
21:47:01,0
21:47:01,0
21:47:01,0
21:47:01,0
21:47:01,0
21:47:01,0
21:47:01,0
21:47:01,0
21:47:01,0
21:47:01,0
21:47:01,0
21:47:01,0
21:47:01,0
21:47:01,0
21:47:01,0
21:47:01,0
21:47:01,0
21:47:01,0
21:47:01,0
21:47:01,0
21:47:01,0
21:47:01,0
21:47:01,0
21:47:01,0
21:47:01,0
21:47:01,0
21:47:01,0
21:47:01,0
21:47:01,0
21:47:01,0
21:47:01,0
21:47:01,0
21:47:01,0
21:47:01,0
21:47:02,0
21:47:02,0
21:47:02,0
21:47:02,0
21:47:02,0
21:47:02,0
21:47:02,0
21:47:02,0
21:47:02,0
21:47:02,0
21:47:02,0
21:47:02,0
21:47:02,0
21:47:02,0
21:47:02,0
21:47:02,0
21:47:02,0
21:47:02,0
21:47:02,0
21:47:02,0
21:47:02,0
21:47:02,0
21:47:02,0
21:47:02,0
21:47:02,0
21:47:02,0
21:47:02,0
21:47:02,0
21:47:02,0
21:47:02,0
21:47:02,0
21:47:02,0
21:47:02,0
21:47:02,0
21:47:02,0
21:47:02,0
21:47:03,0
21:47:03,0
21:47:03,0
21:47:03,0
21:47:03,0
21:47:03,0
21:47:03,0
21:47:03,0
21:47:03,0
21:47:03,0
21:47:03,0
21:47:03,0
21:47:03,0
21:47:03,0
21:47:03,0
21:47:03,0
21:47:03,0
21:47:03,0
21:47:03,0
21:47:03,0
21:47:03,0
21:47:03,0
21:47:03,0
21:47:03,0
21:47:03,0
21:47:03,0
21:47:03,0
21:47:03,0
21:47:03,0
21:47:03,0
21:47:03,0
21:47:03,0
21:47:03,0
21:47:03,0
21:47:03,0
21:47:04,0
21:47:04,0
21:47:04,0
21:47:04,0
21:47:04,0
21:47:04,0
21:47:04,0
21:47:04,0
21:47:04,0
21:47:04,0
21:47:04,0
21:47:04,0
21:47:04,0
21:47:04,0
21:47:04,0
21:47:04,0
21:47:04,0
21:47:04,0
21:47:04,0
21:47:04,0
21:47:04,0
21:47:04,0
21:47:04,0
21:47:04,0
21:47:04,0
21:47:04,0
21:47:04,0
21:47:04,0
21:47:04,0
21:47:04,0
21:47:04,0
21:47:04,0
21:47:04,0
21:47:04,0
21:47:04,0
21:47:04,0
21:47:04,0
21:47:04,0
21:47:05,0
21:47:05,0
21:47:05,0
21:47:05,0
21:47:05,0
21:47:05,0
21:47:05,0
21:47:05,0
21:47:05,0
21:47:05,0
21:47:05,0
21:47:05,0
21:47:05,0
21:47:05,0
21:47:05,0
21:47:05,0
21:47:05,0
21:47:05,0
21:47:05,0
21:47:05,0
21:47:05,0
21:47:05,0
21:47:05,0
21:47:05,0
21:47:05,0
21:47:05,0
21:47:05,0
21:47:05,0
21:47:05,0
21:47:05,0
21:47:05,0
21:47:05,0
21:47:05,0
21:47:05,0
21:47:05,0
21:47:05,0
21:47:05,0
21:47:05,0
21:47:06,0
21:47:06,0
21:47:06,0
21:47:06,0
21:47:06,0
21:47:06,0
21:47:06,0
21:47:06,0
21:47:06,0
21:47:06,0
21:47:06,0
21:47:06,0
21:47:06,0
21:47:06,0
21:47:06,0
21:47:06,0
21:47:06,0
21:47:06,0
21:47:06,0
21:47:06,0
21:47:06,0
21:47:06,0
21:47:06,0
21:47:06,0
21:47:06,0
21:47:06,0
21:47:06,0
21:47:06,0
21:47:06,0
21:47:06,0
21:47:06,0
21:47:06,0
21:47:06,0
21:47:06,0
21:47:06,0
21:47:06,0
21:47:06,0
21:47:07,0
21:47:07,0
21:47:07,0
21:47:07,0
21:47:07,0
21:47:07,0
21:47:07,0
21:47:07,0
21:47:07,0
21:47:07,0
21:47:07,0
21:47:07,0
21:47:07,0
21:47:07,0
21:47:07,0
21:47:07,0
21:47:07,0
21:47:07,0
21:47:07,0
21:47:07,0
21:47:07,0
21:47:07,0
21:47:07,0
21:47:07,0
21:47:07,0
21:47:07,0
21:47:07,0
21:47:07,0
21:47:07,0
21:47:07,0
21:47:07,0
21:47:08,0
21:47:08,0
21:47:08,0
21:47:08,0
21:47:08,0
21:47:08,0
21:47:08,0
21:47:08,0
21:47:08,0
21:47:08,0
21:47:08,0
21:47:08,0
21:47:08,0
21:47:08,0
21:47:08,0
21:47:08,0
21:47:08,0
21:47:08,0
21:47:08,0
21:47:08,0
21:47:08,0
21:47:08,0
21:47:08,0
21:47:08,0
21:47:08,0
21:47:08,0
21:47:08,0
21:47:08,0
21:47:08,0
21:47:08,0
21:47:08,0
21:47:08,0
21:47:08,0
21:47:08,0
21:47:08,0
21:47:08,0
21:47:08,0
21:47:08,0
21:47:09,0
21:47:09,0
21:47:09,0
21:47:09,0
21:47:09,0
21:47:09,0
21:47:09,0
21:47:09,0
21:47:09,0
21:47:09,0
21:47:09,0
21:47:09,0
21:47:09,0
21:47:09,0
21:47:09,0
21:47:09,0
21:47:09,0
21:47:09,0
21:47:09,0
21:47:09,0
21:47:09,0
21:47:09,0
21:47:09,0
21:47:09,0
21:47:09,0
21:47:09,0
21:47:09,0
21:47:09,0
21:47:09,0
21:47:09,0
21:47:09,0
21:47:09,0
21:47:09,0
21:47:09,0
21:47:09,0
21:47:09,0
21:47:09,0
21:47:09,0
21:47:10,0
21:47:10,0
21:47:10,0
21:47:10,0
21:47:10,0
21:47:10,0
21:47:10,0
21:47:10,0
21:47:10,0
21:47:10,0
21:47:10,0
21:47:10,0
21:47:10,0
21:47:10,0
21:47:10,0
21:47:10,0
21:47:10,0
21:47:10,0
21:47:10,0
21:47:10,0
21:47:10,0
21:47:10,0
21:47:10,0
21:47:10,0
21:47:10,0
21:47:10,0
21:47:10,0
21:47:10,0
21:47:10,0
21:47:10,0
21:47:10,0
21:47:10,0
21:47:10,0
21:47:10,0
21:47:10,0
21:47:10,0
21:47:10,0
21:47:10,0
21:47:10,0
21:47:10,0
21:47:10,0
21:47:11,0
21:47:11,0
21:47:11,0
21:47:11,0
21:47:11,0
21:47:11,0
21:47:11,0
21:47:11,0
21:47:11,0
21:47:11,0
21:47:11,0
21:47:11,0
21:47:11,0
21:47:11,0
21:47:11,0
21:47:11,0
21:47:11,0
21:47:11,0
21:47:11,0
21:47:11,0
21:47:11,0
21:47:11,0
21:47:11,0
21:47:11,0
21:47:11,0
21:47:11,0
21:47:11,0
21:47:11,0
21:47:11,0
21:47:11,0
21:47:11,0
21:47:11,0
21:47:11,0
21:47:11,0
21:47:11,0
21:47:11,0
21:47:11,0
21:47:11,0
21:47:11,0
21:47:11,0
21:47:11,0
21:47:11,0
21:47:11,0
21:47:12,0
21:47:12,0
21:47:12,0
21:47:12,0
21:47:12,0
21:47:12,0
21:47:12,0
21:47:12,0
21:47:12,0
21:47:12,0
21:47:12,0
21:47:12,0
21:47:12,0
21:47:12,0
21:47:12,0
21:47:12,0
21:47:12,0
21:47:12,0
21:47:12,0
21:47:12,0
21:47:12,0
21:47:12,0
21:47:12,0
21:47:12,0
21:47:12,0
21:47:12,0
21:47:12,0
21:47:12,0
21:47:12,0
21:47:12,0
21:47:12,0
21:47:12,0
21:47:12,0
21:47:12,0
21:47:12,0
21:47:12,0
21:47:12,0
21:47:12,0
21:47:12,0
21:47:13,0
21:47:13,0
21:47:13,0
21:47:13,0
21:47:13,0
21:47:13,0
21:47:13,0
21:47:13,0
21:47:13,0
21:47:13,0
21:47:13,0
21:47:13,0
21:47:13,0
21:47:13,0
21:47:13,0
21:47:13,0
21:47:13,0
21:47:13,0
21:47:13,0
21:47:13,0
21:47:13,0
21:47:13,0
21:47:13,0
21:47:13,0
21:47:13,0
21:47:13,0
21:47:13,0
21:47:13,0
21:47:13,0
21:47:13,0
21:47:13,0
21:47:13,0
21:47:13,0
21:47:13,0
21:47:13,0
21:47:13,0
21:47:13,0
21:47:13,0
21:47:14,0
21:47:14,0
21:47:14,0
21:47:14,0
21:47:14,0
21:47:14,0
21:47:14,0
21:47:14,0
21:47:14,0
21:47:14,0
21:47:14,0
21:47:14,0
21:47:14,0
21:47:14,0
21:47:14,0
21:47:14,0
21:47:14,0
21:47:14,0
21:47:14,0
21:47:14,0
21:47:14,0
21:47:14,0
21:47:14,0
21:47:14,0
21:47:14,0
21:47:14,0
21:47:14,0
21:47:14,0
21:47:14,0
21:47:14,0
21:47:14,0
21:47:14,0
21:47:14,0
21:47:14,0
21:47:14,0
21:47:14,0
21:47:14,0
21:47:14,0
21:47:14,0
21:47:14,0
21:47:14,0
21:47:14,0
21:47:15,0
21:47:15,0
21:47:15,0
21:47:15,0
21:47:15,0
21:47:15,0
21:47:15,0
21:47:15,0
21:47:15,0
21:47:15,0
21:47:15,0
21:47:15,0
21:47:15,0
21:47:15,0
21:47:15,0
21:47:15,0
21:47:15,0
21:47:15,0
21:47:15,0
21:47:15,0
21:47:15,0
21:47:15,0
21:47:15,0
21:47:15,0
21:47:15,0
21:47:15,0
21:47:15,0
21:47:15,0
21:47:15,0
21:47:15,0
21:47:15,0
21:47:15,0
21:47:15,0
21:47:15,0
21:47:15,0
21:47:15,0
21:47:15,0
21:47:15,0
21:47:15,0
21:47:16,0
21:47:16,0
21:47:16,0
21:47:16,0
21:47:16,0
21:47:16,0
21:47:16,0
21:47:16,0
21:47:16,0
21:47:16,0
21:47:16,0
21:47:16,0
21:47:16,0
21:47:16,0
21:47:16,0
21:47:16,0
21:47:16,0
21:47:16,0
21:47:16,0
21:47:16,0
21:47:16,0
21:47:16,0
21:47:16,0
21:47:16,0
21:47:16,0
21:47:16,0
21:47:16,0
21:47:16,0
21:47:16,0
21:47:16,0
21:47:16,0
21:47:16,0
21:47:16,0
21:47:16,0
21:47:16,0
21:47:16,0
21:47:16,0
21:47:16,0
21:47:17,0
21:47:17,0
21:47:17,0
21:47:17,0
21:47:17,0
21:47:17,0
21:47:17,0
21:47:17,0
21:47:17,0
21:47:17,0
21:47:17,0
21:47:17,0
21:47:17,0
21:47:17,0
21:47:17,0
21:47:17,0
21:47:17,0
21:47:17,0
21:47:17,0
21:47:17,0
21:47:17,0
21:47:17,0
21:47:17,0
21:47:17,0
21:47:17,0
21:47:17,0
21:47:17,0
21:47:17,0
21:47:17,0
21:47:17,0
21:47:17,0
21:47:17,0
21:47:17,0
21:47:17,0
21:47:17,0
21:47:17,0
21:47:17,0
21:47:17,0
21:47:17,0
21:47:17,0
21:47:17,0
21:47:18,0
21:47:18,0
21:47:18,0
21:47:18,0
21:47:18,0
21:47:18,0
21:47:18,0
21:47:18,0
21:47:18,0
21:47:18,0
21:47:18,0
21:47:18,0
21:47:18,0
21:47:18,0
21:47:18,0
21:47:18,0
21:47:18,0
21:47:18,0
21:47:18,0
21:47:18,0
21:47:18,0
21:47:18,0
21:47:18,0
21:47:18,0
21:47:18,0
21:47:18,0
21:47:18,0
21:47:18,0
21:47:18,0
21:47:18,0
21:47:18,0
21:47:18,0
21:47:18,0
21:47:18,0
21:47:18,0
21:47:18,0
21:47:19,0
21:47:19,0
21:47:19,0
21:47:19,0
21:47:19,0
21:47:19,0
21:47:19,0
21:47:19,0
21:47:19,0
21:47:19,0
21:47:19,0
21:47:19,0
21:47:19,0
21:47:19,0
21:47:19,0
21:47:19,0
21:47:19,0
21:47:19,0
21:47:19,0
21:47:19,0
21:47:19,0
21:47:19,0
21:47:19,0
21:47:19,0
21:47:19,0
21:47:19,0
21:47:19,0
21:47:19,0
21:47:19,0
21:47:19,0
21:47:19,0
21:47:19,0
21:47:19,0
21:47:19,0
21:47:19,0
21:47:19,0
21:47:19,0
21:47:19,0
21:47:19,0
21:47:19,0
21:47:19,0
21:47:20,0
21:47:20,0
21:47:20,0
21:47:20,0
21:47:20,0
21:47:20,0
21:47:20,0
21:47:20,0
21:47:20,0
21:47:20,0
21:47:20,0
21:47:20,0
21:47:20,0
21:47:20,0
21:47:20,0
21:47:20,0
21:47:20,0
21:47:20,0
21:47:20,0
21:47:20,0
21:47:20,0
21:47:20,0
21:47:20,0
21:47:20,0
21:47:20,0
21:47:20,0
21:47:20,0
21:47:20,0
21:47:20,0
21:47:20,0
21:47:20,0
21:47:20,0
21:47:20,0
21:47:20,0
21:47:20,0
21:47:20,0
21:47:20,0
21:47:20,0
21:47:20,0
21:47:21,0
21:47:35,0
21:47:36,0
21:47:36,0
21:47:36,0
21:47:36,0
21:47:36,0
21:47:36,0
21:47:36,0
21:47:36,0
21:47:36,0
21:47:36,0
21:47:36,0
21:47:36,0
21:47:36,0
21:47:36,0
21:47:36,0
21:47:36,0
21:47:36,0
21:47:36,0
21:47:36,0
21:47:36,0
21:47:36,0
21:47:36,0
21:47:36,0
21:47:36,0
21:47:36,0
21:47:36,0
21:47:36,0
21:47:37,0
21:47:37,0
21:47:37,0
21:47:37,0
21:47:37,0
21:47:37,0
21:47:37,0
21:47:37,0
21:47:37,0
21:47:37,0
21:47:37,0
21:47:37,0
21:47:37,0
21:47:37,0
21:47:37,0
21:47:37,0
21:47:37,0
21:47:37,0
21:47:37,0
21:47:37,0
21:47:37,0
21:47:37,0
21:47:37,0
21:47:37,0
21:47:37,0
21:47:37,0
21:47:37,0
21:47:37,0
21:47:37,0
21:47:37,0
21:47:37,0
21:47:37,0
21:47:37,0
21:47:37,0
21:47:37,0
21:47:37,0
21:47:37,0
21:47:37,0
21:47:37,0
21:47:37,0
21:47:37,0
21:47:37,0
21:47:37,0
21:47:38,0
21:47:38,0
21:47:38,0
21:47:38,0
21:47:38,0
21:47:38,0
21:47:38,0
21:47:38,0
21:47:38,0
21:47:38,0
21:47:38,0
21:47:38,0
21:47:38,0
21:47:38,0
21:47:38,0
21:47:38,0
21:47:38,0
21:47:38,0
21:47:38,0
21:47:38,0
21:47:38,0
21:47:38,0
21:47:38,0
21:47:38,0
21:47:38,0
21:47:38,0
21:47:38,0
21:47:38,0
21:47:38,0
21:47:38,0
21:47:38,0
21:47:38,0
21:47:38,0
21:47:39,0
21:47:39,0
21:47:39,0
21:47:39,0
21:47:39,0
21:47:39,0
21:47:39,0
21:47:39,0
21:47:39,0
21:47:39,0
21:47:39,0
21:47:39,0
21:47:39,0
21:47:39,0
21:47:39,0
21:47:39,0
21:47:39,0
21:47:39,0
21:47:39,0
21:47:39,0
21:47:39,0
21:47:39,0
21:47:39,0
21:47:39,0
21:47:39,0
21:47:39,0
21:47:39,0
21:47:39,0
21:47:39,0
21:47:39,0
21:47:39,0
21:47:40,0
21:47:40,0
21:47:40,0
21:47:40,0
21:47:40,0
21:47:40,0
21:47:40,0
21:47:40,0
21:47:40,0
21:47:40,0
21:47:40,0
21:47:40,0
21:47:40,0
21:47:40,0
21:47:40,0
21:47:40,0
21:47:40,0
21:47:40,0
21:47:40,0
21:47:40,0
21:47:40,0
21:47:40,0
21:47:40,0
21:47:40,0
21:47:40,0
21:47:40,0
21:47:40,0
21:47:40,0
21:47:40,0
21:47:40,0
21:47:40,0
21:47:40,0
21:47:40,0
21:47:41,0
21:47:41,0
21:47:41,0
21:47:41,0
21:47:41,0
21:47:41,0
21:47:41,0
21:47:41,0
21:47:41,0
21:47:41,0
21:47:41,0
21:47:41,0
21:47:41,0
21:47:41,0
21:47:41,0
21:47:41,0
21:47:41,0
21:47:41,0
21:47:41,0
21:47:41,0
21:47:41,0
21:47:41,0
21:47:41,0
21:47:41,0
21:47:41,0
21:47:41,0
21:47:41,0
21:47:41,0
21:47:41,0
21:47:41,0
21:47:41,0
21:47:41,0
21:47:41,0
21:47:41,0
21:47:41,0
21:47:42,0
21:47:42,0
21:47:42,0
21:47:42,0
21:47:42,0
21:47:42,0
21:47:42,0
21:47:42,0
21:47:42,0
21:47:42,0
21:47:42,0
21:47:42,0
21:47:42,0
21:47:42,0
21:47:42,0
21:47:42,0
21:47:42,0
21:47:42,0
21:47:42,0
21:47:42,0
21:47:42,0
21:47:42,0
21:47:42,0
21:47:42,0
21:47:42,0
21:47:42,0
21:47:42,0
21:47:42,0
21:47:42,0
21:47:42,0
21:47:42,0
21:47:42,0
21:47:43,0
21:47:43,0
21:47:43,0
21:47:43,0
21:47:43,0
21:47:43,0
21:47:43,0
21:47:43,0
21:47:43,0
21:47:43,0
21:47:43,0
21:47:43,0
21:47:43,0
21:47:43,0
21:47:43,0
21:47:43,0
21:47:43,0
21:47:43,0
21:47:43,0
21:47:43,0
21:47:43,0
21:47:43,0
21:47:43,0
21:47:43,0
21:47:43,0
21:47:43,0
21:47:43,0
21:47:43,0
21:47:43,0
21:47:43,0
21:47:43,0
21:47:43,0
21:47:43,0
21:47:43,0
21:47:43,0
21:47:43,0
21:47:43,0
21:47:43,0
21:47:43,0
21:47:43,0
21:47:43,0
21:47:43,0
21:47:43,0
21:47:43,0
21:47:44,0
21:47:44,0
21:47:44,0
21:47:44,0
21:47:44,0
21:47:44,0
21:47:44,0
21:47:44,0
21:47:44,0
21:47:44,0
21:47:44,0
21:47:44,0
21:47:44,0
21:47:44,0
21:47:44,0
21:47:44,0
21:47:44,0
21:47:44,0
21:47:44,0
21:47:44,0
21:47:44,0
21:47:44,0
21:47:44,0
21:47:44,0
21:47:44,0
21:47:44,0
21:47:44,0
21:47:44,0
21:47:44,0
21:47:44,0
21:47:44,0
21:47:44,0
21:47:44,0
21:47:45,0
21:47:45,0
21:47:45,0
21:47:45,0
21:47:45,0
21:47:45,0
21:47:45,0
21:47:45,0
21:47:45,0
21:47:45,0
21:47:45,0
21:47:45,0
21:47:45,0
21:47:45,0
21:47:45,0
21:47:45,0
21:47:45,0
21:47:45,0
21:47:45,0
21:47:45,0
21:47:45,0
21:47:45,0
21:47:45,0
21:47:45,0
21:47:45,0
21:47:45,0
21:47:45,0
21:47:45,0
21:47:45,0
21:47:45,0
21:47:45,0
21:47:45,0
21:47:45,0
21:47:45,0
21:47:45,0
21:47:46,0
21:47:46,0
21:47:46,0
21:47:46,0
21:47:46,0
21:47:46,0
21:47:46,0
21:47:46,0
21:47:46,0
21:47:46,0
21:47:46,0
21:47:46,0
21:47:46,0
21:47:46,0
21:47:46,0
21:47:46,0
21:47:46,0
21:47:46,0
21:47:46,0
21:47:46,0
21:47:46,0
21:47:46,0
21:47:46,0
21:47:46,0
21:47:46,0
21:47:46,0
21:47:46,0
21:47:46,0
21:47:46,0
21:47:46,0
21:47:46,0
21:47:46,0
21:47:46,0
21:47:46,0
21:47:47,0
21:47:47,0
21:47:47,0
21:47:47,0
21:47:47,0
21:47:47,0
21:47:47,0
21:47:47,0
21:47:47,0
21:47:47,0
21:47:47,0
21:47:47,0
21:47:47,0
21:47:47,0
21:47:47,0
21:47:47,0
21:47:47,0
21:47:47,0
21:47:47,0
21:47:47,0
21:47:47,0
21:47:47,0
21:47:47,0
21:47:47,0
21:47:47,0
21:47:47,0
21:47:47,0
21:47:47,0
21:47:47,0
21:47:47,0
21:47:47,0
21:47:47,0
21:47:48,0
21:47:48,0
21:47:48,0
21:47:48,0
21:47:48,0
21:47:48,0
21:47:48,0
21:47:48,0
21:47:48,0
21:47:48,0
21:47:48,0
21:47:48,0
21:47:48,0
21:47:48,0
21:47:48,0
21:47:48,0
21:47:48,0
21:47:48,0
21:47:48,0
21:47:48,0
21:47:48,0
21:47:48,0
21:47:48,0
21:47:48,0
21:47:48,0
21:47:48,0
21:47:48,0
21:47:48,0
21:47:48,0
21:47:48,0
21:47:48,0
21:47:48,0
21:47:49,0
21:47:49,0
21:47:49,0
21:47:49,0
21:47:49,0
21:47:49,0
21:47:49,0
21:47:49,0
21:47:49,0
21:47:49,0
21:47:49,0
21:47:49,0
21:47:49,0
21:47:49,0
21:47:49,0
21:47:49,0
21:47:49,0
21:47:49,0
21:47:49,0
21:47:49,0
21:47:49,0
21:47:49,0
21:47:49,0
21:47:49,0
21:47:49,0
21:47:49,0
21:47:49,0
21:47:49,0
21:47:49,0
21:47:49,0
21:47:49,0
21:47:49,0
21:47:49,0
21:47:49,0
21:47:50,0
21:47:50,0
21:47:50,0
21:47:50,0
21:47:50,0
21:47:50,0
21:47:50,0
21:47:50,0
21:47:50,0
21:47:50,0
21:47:50,0
21:47:50,0
21:47:50,0
21:47:50,0
21:47:50,0
21:47:50,0
21:47:50,0
21:47:50,0
21:47:50,0
21:47:50,0
21:47:50,0
21:47:50,0
21:47:50,0
21:47:50,0
21:47:50,0
21:47:50,0
21:47:50,0
21:47:50,0
21:47:50,0
21:47:50,0
21:47:50,0
21:47:50,0
21:47:50,0
21:47:50,0
21:47:50,0
21:47:50,0
21:47:50,0
21:47:50,0
21:47:50,0
21:47:51,0
21:47:51,0
21:47:51,0
21:47:51,0
21:47:51,0
21:47:51,0
21:47:51,0
21:47:51,0
21:47:51,0
21:47:51,0
21:47:51,0
21:47:51,0
21:47:51,0
21:47:51,0
21:47:51,0
21:47:51,0
21:47:51,0
21:47:51,0
21:47:51,0
21:47:51,0
21:47:51,0
21:47:51,0
21:47:51,0
21:47:51,0
21:47:51,0
21:47:51,0
21:47:51,0
21:47:51,0
21:47:51,0
21:47:51,0
21:47:51,0
21:47:51,0
21:47:51,0
21:47:51,0
21:47:51,0
21:47:51,0
21:47:52,0
21:47:52,0
21:47:52,0
21:47:52,0
21:47:52,0
21:47:52,0
21:47:52,0
21:47:52,0
21:47:52,0
21:47:52,0
21:47:52,0
21:47:52,0
21:47:52,0
21:47:52,0
21:47:52,0
21:47:52,0
21:47:52,0
21:47:52,0
21:47:52,0
21:47:52,0
21:47:52,0
21:47:52,0
21:47:52,0
21:47:52,0
21:47:52,0
21:47:52,0
21:47:52,0
21:47:52,0
21:47:52,0
21:47:52,0
21:47:52,0
21:47:52,0
21:47:52,0
21:47:52,0
21:47:52,0
21:47:52,0
21:47:53,0
21:47:53,0
21:47:53,0
21:47:53,0
21:47:53,0
21:47:53,0
21:47:53,0
21:47:53,0
21:47:53,0
21:47:53,0
21:47:53,0
21:47:53,0
21:47:53,0
21:47:53,0
21:47:53,0
21:47:53,0
21:47:53,23
21:47:53,7
21:47:53,7
21:47:53,12
21:47:53,12
21:47:53,0
21:47:53,0
21:47:53,0
21:47:53,0
21:47:53,0
21:47:53,0
21:47:53,0
21:47:53,0
21:47:53,0
21:47:53,0
21:47:53,0
21:47:53,0
21:47:53,0
21:47:53,0
21:47:53,0
21:47:53,0
21:47:54,0
21:47:54,0
21:47:54,0
21:47:54,0
21:47:54,0
21:47:54,0
21:47:54,0
21:47:54,0
21:47:54,0
21:47:54,0
21:47:54,0
21:47:54,0
21:47:54,0
21:47:54,0
21:47:54,0
21:47:54,0
21:47:54,0
21:47:54,0
21:47:54,0
21:47:54,0
21:47:54,0
21:47:54,0
21:47:54,0
21:47:54,0
21:47:54,0
21:47:54,0
21:47:54,0
21:47:54,0
21:47:54,0
21:47:54,0
21:47:54,0
21:47:54,0
21:47:54,0
21:47:54,0
21:47:54,0
21:47:54,0
21:47:54,0
21:47:54,0
21:47:54,0
21:47:55,0
21:47:55,0
21:47:55,0
21:47:55,0
21:47:55,0
21:47:55,0
21:47:55,0
21:47:59,13
21:47:59,12
21:48:00,14
21:48:00,15
21:48:01,0
21:48:01,0
21:48:02,15
21:48:03,20
21:48:03,11
21:48:04,12
21:48:04,12
21:48:05,12
21:48:05,12
21:48:06,11
21:48:06,13
21:48:07,12
21:48:08,12
21:48:08,10
21:48:09,10
21:48:09,11
21:48:10,12
21:48:10,11
21:48:11,11
21:48:11,11
21:48:12,20
21:48:13,15
21:48:13,15
21:48:14,13
21:48:14,12
21:48:15,11
21:48:15,8
21:48:16,0
21:48:17,11
21:48:17,11
21:48:18,9
21:48:18,11
21:48:19,11
21:48:19,17
21:48:20,15
21:48:21,13
21:48:21,0
21:48:22,0
21:48:22,13
21:48:23,14
21:48:23,0
21:48:24,0
21:48:24,12
21:48:25,11
21:48:26,0
21:48:26,13
21:48:27,13
21:48:27,11
21:48:28,11
21:48:29,11
21:48:29,12
21:48:30,11
21:48:30,13
21:48:31,14
21:48:31,13
21:48:32,11
21:48:33,12
21:48:33,17
21:48:34,12
21:48:34,11
21:48:35,11
21:48:35,12
21:48:36,12
21:48:36,15
21:48:37,13
21:48:38,12
21:48:38,12
21:48:39,11
21:48:39,13
21:48:40,11
21:48:40,12
21:48:41,0
21:48:41,0
21:48:42,10
21:48:42,10
21:48:43,11
21:48:44,10
21:48:44,0
21:48:45,17
21:48:45,10
21:48:46,10
21:48:46,11
21:48:47,11
21:48:47,11
21:48:48,22
21:48:48,0
21:48:49,10
21:48:50,11
21:48:50,0
21:48:51,0
21:48:51,0
21:48:52,0
21:48:52,10
21:48:53,10
21:48:53,0
21:48:54,17
21:48:55,0
21:48:55,3
21:48:56,32
21:48:56,6
21:48:57,13
21:48:57,0
21:48:57,0
21:48:58,29
21:48:59,0
21:48:59,0
21:49:00,13
21:49:00,16
21:49:01,21
21:49:01,0
21:49:02,0
21:49:02,25
21:49:03,0
21:49:03,0
21:49:04,0
21:49:05,0
21:49:05,0
21:49:06,0
21:49:06,0
21:49:07,0
21:49:07,0
21:49:08,0
21:49:08,0
21:49:09,0
21:49:09,0
21:49:10,0
21:49:10,0
21:49:11,0
21:49:12,0
21:49:12,0
21:49:13,0
21:49:13,0
21:49:13,0
21:49:13,0
21:49:13,0
21:49:13,0
21:49:13,0
21:49:13,0
21:49:13,0
21:49:13,0
21:49:13,0
21:49:13,0
21:49:13,0
21:49:13,0
21:49:13,0
21:49:13,0
21:49:13,0
21:49:13,0
21:49:13,0
21:49:13,0
21:49:13,0
21:49:13,0
21:49:13,0
21:49:13,0
21:49:13,0
21:49:13,0
21:49:13,0
21:49:13,0
21:49:13,0
21:49:13,0
21:49:13,0
21:49:13,0
21:49:14,0
21:49:14,0
21:49:14,0
21:49:14,0
21:49:14,0
21:49:14,0
21:49:14,0
21:49:14,0
21:49:14,0
21:49:14,0
21:49:14,0
21:49:14,0
21:49:14,0
21:49:14,0
21:49:14,0
21:49:14,0
21:49:14,0
21:49:14,0
21:49:14,0
21:49:14,0
21:49:14,0
21:49:14,0
21:49:14,0
21:49:14,0
21:49:14,0
21:49:14,0
21:49:14,0
21:49:14,0
21:49:14,0
21:49:14,0
21:49:14,0
21:49:14,0
21:49:14,0
21:49:15,0
21:49:15,0
21:49:15,0
21:49:15,0
21:49:15,0
21:49:15,0
21:49:15,0
21:49:15,0
21:49:15,0
21:49:15,0
21:49:15,0
21:49:15,0
21:49:15,0
21:49:15,0
21:49:15,0
21:49:15,0
21:49:15,0
21:49:15,0
21:49:15,0
21:49:15,0
21:49:15,0
21:49:15,0
21:49:15,0
21:49:15,0
21:49:15,0
21:49:15,0
21:49:15,0
21:49:15,0
21:49:15,0
21:49:15,0
21:49:15,0
21:49:15,0
21:49:15,0
21:49:15,0
21:49:15,0
21:49:15,0
21:49:15,0
21:49:16,0
21:49:16,0
21:49:16,0
21:49:16,0
21:49:16,0
21:49:16,0
21:49:16,0
21:49:16,0
21:49:16,0
21:49:16,0
21:49:16,0
21:49:16,0
21:49:16,0
21:49:16,0
21:49:16,0
21:49:16,0
21:49:16,0
21:49:16,0
21:49:16,0
21:49:16,0
21:49:16,0
21:49:16,0
21:49:16,0
21:49:16,0
21:49:16,0
21:49:16,0
21:49:16,0
21:49:16,0
21:49:16,0
21:49:16,0
21:49:16,0
21:49:16,0
21:49:16,0
21:49:16,0
21:49:17,0
21:49:17,0
21:49:17,0
21:49:17,0
21:49:17,0
21:49:17,0
21:49:17,0
21:49:17,0
21:49:17,0
21:49:17,0
21:49:17,0
21:49:17,0
21:49:17,0
21:49:17,0
21:49:17,0
21:49:17,0
21:49:17,0
21:49:17,0
21:49:17,0
21:49:17,0
21:49:17,0
21:49:17,0
21:49:17,0
21:49:17,0
21:49:17,0
21:49:17,0
21:49:17,0
21:49:17,0
21:49:17,0
21:49:17,0
21:49:17,0
21:49:17,0
21:49:17,0
21:49:17,0
21:49:17,0
21:49:17,0
21:49:18,0
21:49:18,0
21:49:18,0
21:49:18,0
21:49:18,0
21:49:18,0
21:49:18,0
21:49:18,0
21:49:18,0
21:49:18,0
21:49:18,0
21:49:18,0
21:49:18,0
21:49:18,0
21:49:18,0
21:49:18,0
21:49:18,0
21:49:18,0
21:49:18,0
21:49:18,0
21:49:18,0
21:49:18,0
21:49:18,0
21:49:18,0
21:49:18,0
21:49:18,0
21:49:18,0
21:49:18,0
21:49:18,0
21:49:18,0
21:49:19,0
21:49:19,0
21:49:19,0
21:49:19,0
21:49:19,0
21:49:19,0
21:49:19,0
21:49:19,0
21:49:19,0
21:49:19,0
21:49:19,0
21:49:19,0
21:49:19,0
21:49:19,0
21:49:19,0
21:49:19,0
21:49:19,0
21:49:19,0
21:49:19,0
21:49:19,0
21:49:19,0
21:49:19,0
21:49:19,0
21:49:19,0
21:49:19,0
21:49:19,0
21:49:19,0
21:49:19,0
21:49:19,0
21:49:19,0
21:49:19,0
21:49:19,0
21:49:19,0
21:49:19,0
21:49:19,0
21:49:19,0
21:49:19,0
21:49:20,0
21:49:20,0
21:49:20,0
21:49:20,0
21:49:20,0
21:49:20,0
21:49:20,0
21:49:20,0
21:49:20,0
21:49:20,0
21:49:20,0
21:49:20,0
21:49:20,0
21:49:20,0
21:49:20,0
21:49:20,0
21:49:20,0
21:49:20,0
21:49:20,0
21:49:20,0
21:49:20,0
21:49:20,0
21:49:20,0
21:49:20,0
21:49:20,0
21:49:20,0
21:49:21,0
21:49:21,0
21:49:21,0
21:49:21,0
21:49:21,0
21:49:21,0
21:49:21,0
21:49:21,0
21:49:21,0
21:49:21,0
21:49:21,0
21:49:21,0
21:49:21,0
21:49:21,0
21:49:21,0
21:49:21,0
21:49:21,0
21:49:21,0
21:49:21,0
21:49:21,0
21:49:21,0
21:49:21,0
21:49:22,0
21:49:22,0
21:49:22,0
21:49:22,0
21:49:22,0
21:49:22,0
21:49:22,0
21:49:22,0
21:49:22,0
21:49:22,0
21:49:22,0
21:49:22,0
21:49:22,0
21:49:22,0
21:49:22,0
21:49:22,0
21:49:22,0
21:49:22,0
21:49:22,0
21:49:22,0
21:49:22,0
21:49:22,0
21:49:22,0
21:49:22,0
21:49:22,0
21:49:22,0
21:49:22,0
21:49:22,0
21:49:22,0
21:49:22,0
21:49:22,0
21:49:22,0
21:49:22,0
21:49:22,0
21:49:23,0
21:49:23,0
21:49:23,0
21:49:23,0
21:49:23,0
21:49:23,0
21:49:23,0
21:49:23,0
21:49:23,0
21:49:23,0
21:49:23,0
21:49:23,0
21:49:23,0
21:49:23,0
21:49:23,0
21:49:23,0
21:49:23,0
21:49:23,0
21:49:23,0
21:49:23,0
21:49:23,0
21:49:23,0
21:49:23,0
21:49:23,0
21:49:23,0
21:49:23,0
21:49:23,0
21:49:23,0
21:49:23,0
21:49:23,0
21:49:23,0
21:49:23,0
21:49:23,0
21:49:23,0
21:49:23,0
21:49:24,0
21:49:24,0
21:49:24,0
21:49:24,0
21:49:24,0
21:49:24,0
21:49:24,0
21:49:24,0
21:49:24,0
21:49:24,0
21:49:24,0
21:49:24,0
21:49:24,0
21:49:24,0
21:49:24,0
21:49:24,0
21:49:24,0
21:49:24,0
21:49:24,0
21:49:24,0
21:49:24,0
21:49:24,0
21:49:24,0
21:49:24,0
21:49:24,0
21:49:24,0
21:49:24,0
21:49:24,0
21:49:24,0
21:49:25,0
21:49:25,0
21:49:25,0
21:49:25,0
21:49:25,0
21:49:25,0
21:49:25,0
21:49:25,0
21:49:25,0
21:49:25,0
21:49:25,0
21:49:25,0
21:49:25,0
21:49:25,0
21:49:25,0
21:49:25,0
21:49:25,0
21:49:25,0
21:49:25,0
21:49:25,0
21:49:25,0
21:49:25,0
21:49:25,0
21:49:25,0
21:49:25,0
21:49:25,0
21:49:25,0
21:49:25,0
21:49:25,0
21:49:25,0
21:49:25,0
21:49:26,0
21:49:26,0
21:49:26,0
21:49:26,0
21:49:26,0
21:49:26,0
21:49:26,0
21:49:26,0
21:49:26,0
21:49:26,0
21:49:26,0
21:49:26,0
21:49:26,0
21:49:26,0
21:49:26,0
21:49:26,0
21:49:26,0
21:49:26,0
21:49:26,0
21:49:26,0
21:49:26,0
21:49:26,0
21:49:26,0
21:49:26,0
21:49:26,0
21:49:26,0
21:49:26,0
21:49:26,0
21:49:26,0
21:49:26,0
21:49:26,0
21:49:26,0
21:49:26,0
21:49:26,0
21:49:26,0
21:49:26,0
21:49:26,0
21:49:26,0
21:49:26,0
21:49:26,0
21:49:26,0
21:49:27,0
21:49:27,0
21:49:27,0
21:49:27,0
21:49:27,0
21:49:27,0
21:49:27,0
21:49:27,0
21:49:27,0
21:49:27,0
21:49:27,0
21:49:27,0
21:49:27,0
21:49:27,0
21:49:27,0
21:49:27,0
21:49:27,0
21:49:27,0
21:49:27,0
21:49:27,0
21:49:27,0
21:49:27,0
21:49:27,0
21:49:27,0
21:49:27,0
21:49:27,0
21:49:27,0
21:49:27,0
21:49:27,0
21:49:27,0
21:49:27,0
21:49:27,0
21:49:28,0
21:49:28,0
21:49:28,0
21:49:28,0
21:49:28,0
21:49:28,0
21:49:28,0
21:49:28,0
21:49:28,0
21:49:28,0
21:49:28,0
21:49:28,0
21:49:28,0
21:49:28,0
21:49:28,0
21:49:28,0
21:49:28,0
21:49:28,0
21:49:28,0
21:49:28,0
21:49:28,0
21:49:28,0
21:49:28,0
21:49:28,0
21:49:28,0
21:49:28,0
21:49:28,0
21:49:28,0
21:49:28,0
21:49:28,0
21:49:28,0
21:49:28,0
21:49:28,0
21:49:28,0
21:49:28,0
21:49:28,0
21:49:28,0
21:49:28,0
21:49:28,0
21:49:28,0
21:49:29,0
21:49:29,0
21:49:29,0
21:49:29,0
21:49:29,0
21:49:29,0
21:49:29,0
21:49:29,0
21:49:29,0
21:49:29,0
21:49:29,0
21:49:29,0
21:49:29,0
21:49:29,0
21:49:29,0
21:49:29,0
21:49:29,0
21:49:29,0
21:49:29,0
21:49:29,0
21:49:29,0
21:49:29,0
21:49:29,0
21:49:29,0
21:49:29,0
21:49:29,0
21:49:29,0
21:49:29,0
21:49:29,0
21:49:29,0
